NGS_name,Lid_label,Replicate,Compound,Time,Internal_label_1,Primer_name_F,Primer_sequence_F,Internal_label_2,Primer_name_R,Primer_sequence_R
NG-32116_Meliloti_first_assay_lib658176_10164_3,1,1,None,0,7,POOL1,AAGCTTAGTCCTGGTGCATTGAGCCC,16,Replicate_1,ATACCATTTTAACTCCCCTCCGCCGC
NG-32116_Meliloti_first_assay_lib658176_10164_3,2,1,None,0,7,POOL2,AAGCTTAGTCCTGGTGCATTGAGCCC,17,Replicate_1,AGATTATTTTAACTCCCCTCCGCCGC
NG-32116_Meliloti_first_assay_lib658176_10164_3,3,1,None,0,7,POOL3,AAGCTTAGTCCTGGTGCATTGAGCCC,18,Replicate_1,AGGGGATTTTAACTCCCCTCCGCCGC
NG-32116_Meliloti_first_assay_lib658176_10164_3,4,1,DMSO,1,1,POOL1,AAAGGTAGTCCTGGTGCATTGAGCCC,16,Replicate_1,ATACCATTTTAACTCCCCTCCGCCGC
NG-32116_Meliloti_first_assay_lib658176_10164_3,5,2,DMSO,1,1,POOL1,AAAGGTAGTCCTGGTGCATTGAGCCC,17,Replicate_2,AGATTATTTTAACTCCCCTCCGCCGC
NG-32116_Meliloti_first_assay_lib658176_10164_3,6,3,DMSO,1,1,POOL1,AAAGGTAGTCCTGGTGCATTGAGCCC,18,Replicate_3,AGGGGATTTTAACTCCCCTCCGCCGC
NG-32116_Meliloti_first_assay_lib658176_10164_3,7,1,DMSO,1,2,POOL2,AGTGTTAGTCCTGGTGCATTGAGCCC,16,Replicate_1,ATACCATTTTAACTCCCCTCCGCCGC
NG-32116_Meliloti_first_assay_lib658176_10164_3,8,2,DMSO,1,2,POOL2,AGTGTTAGTCCTGGTGCATTGAGCCC,17,Replicate_2,AGATTATTTTAACTCCCCTCCGCCGC
NG-32116_Meliloti_first_assay_lib658176_10164_3,9,3,DMSO,1,2,POOL2,AGTGTTAGTCCTGGTGCATTGAGCCC,18,Replicate_3,AGGGGATTTTAACTCCCCTCCGCCGC
NG-32116_Meliloti_first_assay_lib658176_10164_3,10,1,DMSO,1,3,POOL3,AAAATTAGTCCTGGTGCATTGAGCCC,16,Replicate_1,ATACCATTTTAACTCCCCTCCGCCGC
NG-32116_Meliloti_first_assay_lib658176_10164_3,11,2,DMSO,1,3,POOL3,AAAATTAGTCCTGGTGCATTGAGCCC,17,Replicate_2,AGATTATTTTAACTCCCCTCCGCCGC
NG-32116_Meliloti_first_assay_lib658176_10164_3,12,3,DMSO,1,3,POOL3,AAAATTAGTCCTGGTGCATTGAGCCC,18,Replicate_3,AGGGGATTTTAACTCCCCTCCGCCGC
NG-32116_Meliloti_first_assay_lib658176_10164_3,13,1,DMSO,2,1,POOL1,AAAGGTAGTCCTGGTGCATTGAGCCC,19,Replicate_1,AACGTATTTTAACTCCCCTCCGCCGC
NG-32116_Meliloti_first_assay_lib658176_10164_3,14,2,DMSO,2,1,POOL1,AAAGGTAGTCCTGGTGCATTGAGCCC,20,Replicate_2,AGGGTATTTTAACTCCCCTCCGCCGC
NG-32116_Meliloti_first_assay_lib658176_10164_3,15,3,DMSO,2,1,POOL1,AAAGGTAGTCCTGGTGCATTGAGCCC,21,Replicate_3,AACTAATTTTAACTCCCCTCCGCCGC
NG-32116_Meliloti_first_assay_lib658176_10164_3,16,1,DMSO,2,2,POOL2,AGTGTTAGTCCTGGTGCATTGAGCCC,19,Replicate_1,AACGTATTTTAACTCCCCTCCGCCGC
NG-32116_Meliloti_first_assay_lib658176_10164_3,17,2,DMSO,2,2,POOL2,AGTGTTAGTCCTGGTGCATTGAGCCC,20,Replicate_2,AGGGTATTTTAACTCCCCTCCGCCGC
NG-32116_Meliloti_first_assay_lib658176_10164_3,18,3,DMSO,2,2,POOL2,AGTGTTAGTCCTGGTGCATTGAGCCC,21,Replicate_3,AACTAATTTTAACTCCCCTCCGCCGC
NG-32116_Meliloti_first_assay_lib658176_10164_3,19,1,DMSO,2,3,POOL3,AAAATTAGTCCTGGTGCATTGAGCCC,19,Replicate_1,AACGTATTTTAACTCCCCTCCGCCGC
NG-32116_Meliloti_first_assay_lib658176_10164_3,20,2,DMSO,2,3,POOL3,AAAATTAGTCCTGGTGCATTGAGCCC,20,Replicate_2,AGGGTATTTTAACTCCCCTCCGCCGC
NG-32116_Meliloti_first_assay_lib658176_10164_3,21,3,DMSO,2,3,POOL3,AAAATTAGTCCTGGTGCATTGAGCCC,21,Replicate_3,AACTAATTTTAACTCCCCTCCGCCGC
NG-32116_Meliloti_first_assay_lib658176_10164_3,22,1,DMSO,3,1,POOL1,AAAGGTAGTCCTGGTGCATTGAGCCC,22,Replicate_1,AGCCGATTTTAACTCCCCTCCGCCGC
NG-32116_Meliloti_first_assay_lib658176_10164_3,23,2,DMSO,3,1,POOL1,AAAGGTAGTCCTGGTGCATTGAGCCC,23,Replicate_2,ACAGAATTTTAACTCCCCTCCGCCGC
NG-32116_Meliloti_first_assay_lib658176_10164_3,24,3,DMSO,3,1,POOL1,AAAGGTAGTCCTGGTGCATTGAGCCC,24,Replicate_3,ACCACATTTTAACTCCCCTCCGCCGC
NG-32116_Meliloti_first_assay_lib658176_10164_3,25,1,DMSO,3,2,POOL2,AGTGTTAGTCCTGGTGCATTGAGCCC,22,Replicate_1,AGCCGATTTTAACTCCCCTCCGCCGC
NG-32116_Meliloti_first_assay_lib658176_10164_3,26,2,DMSO,3,2,POOL2,AGTGTTAGTCCTGGTGCATTGAGCCC,23,Replicate_2,ACAGAATTTTAACTCCCCTCCGCCGC
NG-32116_Meliloti_first_assay_lib658176_10164_3,27,3,DMSO,3,2,POOL2,AGTGTTAGTCCTGGTGCATTGAGCCC,24,Replicate_3,ACCACATTTTAACTCCCCTCCGCCGC
NG-32116_Meliloti_first_assay_lib658176_10164_3,28,1,DMSO,3,3,POOL3,AAAATTAGTCCTGGTGCATTGAGCCC,22,Replicate_1,AGCCGATTTTAACTCCCCTCCGCCGC
NG-32116_Meliloti_first_assay_lib658176_10164_3,29,2,DMSO,3,3,POOL3,AAAATTAGTCCTGGTGCATTGAGCCC,23,Replicate_2,ACAGAATTTTAACTCCCCTCCGCCGC
NG-32116_Meliloti_first_assay_lib658176_10164_3,30,3,DMSO,3,3,POOL3,AAAATTAGTCCTGGTGCATTGAGCCC,24,Replicate_3,ACCACATTTTAACTCCCCTCCGCCGC
NG-32116_Meliloti_first_assay_lib658176_10164_3,31,1,C1,1,4,POOL1,ATCTTTAGTCCTGGTGCATTGAGCCC,16,Replicate_1,ATACCATTTTAACTCCCCTCCGCCGC
NG-32116_Meliloti_first_assay_lib658176_10164_3,32,2,C1,1,4,POOL1,ATCTTTAGTCCTGGTGCATTGAGCCC,17,Replicate_2,AGATTATTTTAACTCCCCTCCGCCGC
NG-32116_Meliloti_first_assay_lib658176_10164_3,33,3,C1,1,4,POOL1,ATCTTTAGTCCTGGTGCATTGAGCCC,18,Replicate_3,AGGGGATTTTAACTCCCCTCCGCCGC
NG-32116_Meliloti_first_assay_lib658176_10164_3,34,1,C1,1,5,POOL2,ACGCATAGTCCTGGTGCATTGAGCCC,16,Replicate_1,ATACCATTTTAACTCCCCTCCGCCGC
NG-32116_Meliloti_first_assay_lib658176_10164_3,35,2,C1,1,5,POOL2,ACGCATAGTCCTGGTGCATTGAGCCC,17,Replicate_2,AGATTATTTTAACTCCCCTCCGCCGC
NG-32116_Meliloti_first_assay_lib658176_10164_3,36,3,C1,1,5,POOL2,ACGCATAGTCCTGGTGCATTGAGCCC,18,Replicate_3,AGGGGATTTTAACTCCCCTCCGCCGC
NG-32116_Meliloti_first_assay_lib658176_10164_3,37,1,C1,1,6,POOL3,ATGGCTAGTCCTGGTGCATTGAGCCC,16,Replicate_1,ATACCATTTTAACTCCCCTCCGCCGC
NG-32116_Meliloti_first_assay_lib658176_10164_3,38,2,C1,1,6,POOL3,ATGGCTAGTCCTGGTGCATTGAGCCC,17,Replicate_2,AGATTATTTTAACTCCCCTCCGCCGC
NG-32116_Meliloti_first_assay_lib658176_10164_3,39,3,C1,1,6,POOL3,ATGGCTAGTCCTGGTGCATTGAGCCC,18,Replicate_3,AGGGGATTTTAACTCCCCTCCGCCGC
NG-32116_Meliloti_first_assay_lib658176_10164_3,40,1,C1,2,4,POOL1,ATCTTTAGTCCTGGTGCATTGAGCCC,19,Replicate_1,AACGTATTTTAACTCCCCTCCGCCGC
NG-32116_Meliloti_first_assay_lib658176_10164_3,41,2,C1,2,4,POOL1,ATCTTTAGTCCTGGTGCATTGAGCCC,20,Replicate_2,AGGGTATTTTAACTCCCCTCCGCCGC
NG-32116_Meliloti_first_assay_lib658176_10164_3,42,3,C1,2,4,POOL1,ATCTTTAGTCCTGGTGCATTGAGCCC,21,Replicate_3,AACTAATTTTAACTCCCCTCCGCCGC
NG-32116_Meliloti_first_assay_lib658176_10164_3,43,1,C1,2,5,POOL2,ACGCATAGTCCTGGTGCATTGAGCCC,19,Replicate_1,AACGTATTTTAACTCCCCTCCGCCGC
NG-32116_Meliloti_first_assay_lib658176_10164_3,44,2,C1,2,5,POOL2,ACGCATAGTCCTGGTGCATTGAGCCC,20,Replicate_2,AGGGTATTTTAACTCCCCTCCGCCGC
NG-32116_Meliloti_first_assay_lib658176_10164_3,45,3,C1,2,5,POOL2,ACGCATAGTCCTGGTGCATTGAGCCC,21,Replicate_3,AACTAATTTTAACTCCCCTCCGCCGC
NG-32116_Meliloti_first_assay_lib658176_10164_3,46,1,C1,2,6,POOL3,ATGGCTAGTCCTGGTGCATTGAGCCC,19,Replicate_1,AACGTATTTTAACTCCCCTCCGCCGC
NG-32116_Meliloti_first_assay_lib658176_10164_3,47,2,C1,2,6,POOL3,ATGGCTAGTCCTGGTGCATTGAGCCC,20,Replicate_2,AGGGTATTTTAACTCCCCTCCGCCGC
NG-32116_Meliloti_first_assay_lib658176_10164_3,48,3,C1,2,6,POOL3,ATGGCTAGTCCTGGTGCATTGAGCCC,21,Replicate_3,AACTAATTTTAACTCCCCTCCGCCGC
NG-32116_Meliloti_first_assay_lib658176_10164_3,49,1,C1,3,4,POOL1,ATCTTTAGTCCTGGTGCATTGAGCCC,22,Replicate_1,AGCCGATTTTAACTCCCCTCCGCCGC
NG-32116_Meliloti_first_assay_lib658176_10164_3,50,2,C1,3,4,POOL1,ATCTTTAGTCCTGGTGCATTGAGCCC,23,Replicate_2,ACAGAATTTTAACTCCCCTCCGCCGC
NG-32116_Meliloti_first_assay_lib658176_10164_3,51,3,C1,3,4,POOL1,ATCTTTAGTCCTGGTGCATTGAGCCC,24,Replicate_3,ACCACATTTTAACTCCCCTCCGCCGC
NG-32116_Meliloti_first_assay_lib658176_10164_3,52,1,C1,3,5,POOL2,ACGCATAGTCCTGGTGCATTGAGCCC,22,Replicate_1,AGCCGATTTTAACTCCCCTCCGCCGC
NG-32116_Meliloti_first_assay_lib658176_10164_3,53,2,C1,3,5,POOL2,ACGCATAGTCCTGGTGCATTGAGCCC,23,Replicate_2,ACAGAATTTTAACTCCCCTCCGCCGC
NG-32116_Meliloti_first_assay_lib658176_10164_3,54,3,C1,3,5,POOL2,ACGCATAGTCCTGGTGCATTGAGCCC,24,Replicate_3,ACCACATTTTAACTCCCCTCCGCCGC
NG-32116_Meliloti_first_assay_lib658176_10164_3,55,1,C1,3,6,POOL3,ATGGCTAGTCCTGGTGCATTGAGCCC,22,Replicate_1,AGCCGATTTTAACTCCCCTCCGCCGC
NG-32116_Meliloti_first_assay_lib658176_10164_3,56,2,C1,3,6,POOL3,ATGGCTAGTCCTGGTGCATTGAGCCC,23,Replicate_2,ACAGAATTTTAACTCCCCTCCGCCGC
NG-32116_Meliloti_first_assay_lib658176_10164_3,57,3,C1,3,6,POOL3,ATGGCTAGTCCTGGTGCATTGAGCCC,24,Replicate_3,ACCACATTTTAACTCCCCTCCGCCGC
NG-33296_Meliloti_first_assay_lib700601_10246_2,1,1,None,0,4,POOL4,ATCTTTAGTCCTGGTGCATTGAGCCC,16,Replicate_1,ATACCATTTTAACTCCCCTCCGCCGC
NG-33296_Meliloti_first_assay_lib700601_10246_2,2,1,None,0,5,POOL5,ACGCATAGTCCTGGTGCATTGAGCCC,17,Replicate_1,AGATTATTTTAACTCCCCTCCGCCGC
NG-33296_Meliloti_first_assay_lib700601_10246_2,3,1,None,0,6,POOL6,ATGGCTAGTCCTGGTGCATTGAGCCC,18,Replicate_1,AGGGGATTTTAACTCCCCTCCGCCGC
NG-33296_Meliloti_first_assay_lib700601_10246_2,4,1,DMSO,1,4,POOL4,ATCTTTAGTCCTGGTGCATTGAGCCC,19,Replicate_1,AACGTATTTTAACTCCCCTCCGCCGC
NG-33296_Meliloti_first_assay_lib700601_10246_2,5,2,DMSO,1,4,POOL4,ATCTTTAGTCCTGGTGCATTGAGCCC,20,Replicate_2,AGGGTATTTTAACTCCCCTCCGCCGC
NG-33296_Meliloti_first_assay_lib700601_10246_2,6,3,DMSO,1,4,POOL4,ATCTTTAGTCCTGGTGCATTGAGCCC,21,Replicate_3,AACTAATTTTAACTCCCCTCCGCCGC
NG-33296_Meliloti_first_assay_lib700601_10246_2,7,1,DMSO,1,5,POOL5,ACGCATAGTCCTGGTGCATTGAGCCC,19,Replicate_1,AACGTATTTTAACTCCCCTCCGCCGC
NG-33296_Meliloti_first_assay_lib700601_10246_2,8,2,DMSO,1,5,POOL5,ACGCATAGTCCTGGTGCATTGAGCCC,20,Replicate_2,AGGGTATTTTAACTCCCCTCCGCCGC
NG-33296_Meliloti_first_assay_lib700601_10246_2,9,3,DMSO,1,5,POOL5,ACGCATAGTCCTGGTGCATTGAGCCC,21,Replicate_3,AACTAATTTTAACTCCCCTCCGCCGC
NG-33296_Meliloti_first_assay_lib700601_10246_2,10,1,DMSO,1,6,POOL6,ATGGCTAGTCCTGGTGCATTGAGCCC,19,Replicate_1,AACGTATTTTAACTCCCCTCCGCCGC
NG-33296_Meliloti_first_assay_lib700601_10246_2,11,2,DMSO,1,6,POOL6,ATGGCTAGTCCTGGTGCATTGAGCCC,20,Replicate_2,AGGGTATTTTAACTCCCCTCCGCCGC
NG-33296_Meliloti_first_assay_lib700601_10246_2,12,3,DMSO,1,6,POOL6,ATGGCTAGTCCTGGTGCATTGAGCCC,21,Replicate_3,AACTAATTTTAACTCCCCTCCGCCGC
NG-33296_Meliloti_first_assay_lib700601_10246_2,13,1,DMSO,2,4,POOL4,ATCTTTAGTCCTGGTGCATTGAGCCC,22,Replicate_1,AGCCGATTTTAACTCCCCTCCGCCGC
NG-33296_Meliloti_first_assay_lib700601_10246_2,14,2,DMSO,2,4,POOL4,ATCTTTAGTCCTGGTGCATTGAGCCC,23,Replicate_2,ACAGAATTTTAACTCCCCTCCGCCGC
NG-33296_Meliloti_first_assay_lib700601_10246_2,15,3,DMSO,2,4,POOL4,ATCTTTAGTCCTGGTGCATTGAGCCC,24,Replicate_3,ACCACATTTTAACTCCCCTCCGCCGC
NG-33296_Meliloti_first_assay_lib700601_10246_2,16,1,DMSO,2,5,POOL5,ACGCATAGTCCTGGTGCATTGAGCCC,22,Replicate_1,AGCCGATTTTAACTCCCCTCCGCCGC
NG-33296_Meliloti_first_assay_lib700601_10246_2,17,2,DMSO,2,5,POOL5,ACGCATAGTCCTGGTGCATTGAGCCC,23,Replicate_2,ACAGAATTTTAACTCCCCTCCGCCGC
NG-33296_Meliloti_first_assay_lib700601_10246_2,18,3,DMSO,2,5,POOL5,ACGCATAGTCCTGGTGCATTGAGCCC,24,Replicate_3,ACCACATTTTAACTCCCCTCCGCCGC
NG-33296_Meliloti_first_assay_lib700601_10246_2,19,1,DMSO,2,6,POOL6,ATGGCTAGTCCTGGTGCATTGAGCCC,22,Replicate_1,AGCCGATTTTAACTCCCCTCCGCCGC
NG-33296_Meliloti_first_assay_lib700601_10246_2,20,2,DMSO,2,6,POOL6,ATGGCTAGTCCTGGTGCATTGAGCCC,23,Replicate_2,ACAGAATTTTAACTCCCCTCCGCCGC
NG-33296_Meliloti_first_assay_lib700601_10246_2,21,3,DMSO,2,6,POOL6,ATGGCTAGTCCTGGTGCATTGAGCCC,24,Replicate_3,ACCACATTTTAACTCCCCTCCGCCGC
NG-33296_Meliloti_first_assay_lib700601_10246_2,22,1,DMSO,3,4,POOL4,ATCTTTAGTCCTGGTGCATTGAGCCC,25,Replicate_1,AAATAATTTTAACTCCCCTCCGCCGC
NG-33296_Meliloti_first_assay_lib700601_10246_2,23,2,DMSO,3,4,POOL4,ATCTTTAGTCCTGGTGCATTGAGCCC,26,Replicate_2,AATGTATTTTAACTCCCCTCCGCCGC
NG-33296_Meliloti_first_assay_lib700601_10246_2,24,3,DMSO,3,4,POOL4,ATCTTTAGTCCTGGTGCATTGAGCCC,27,Replicate_3,AAACGATTTTAACTCCCCTCCGCCGC
NG-33296_Meliloti_first_assay_lib700601_10246_2,25,1,DMSO,3,5,POOL5,ACGCATAGTCCTGGTGCATTGAGCCC,25,Replicate_1,AAATAATTTTAACTCCCCTCCGCCGC
NG-33296_Meliloti_first_assay_lib700601_10246_2,26,2,DMSO,3,5,POOL5,ACGCATAGTCCTGGTGCATTGAGCCC,26,Replicate_2,AATGTATTTTAACTCCCCTCCGCCGC
NG-33296_Meliloti_first_assay_lib700601_10246_2,27,3,DMSO,3,5,POOL5,ACGCATAGTCCTGGTGCATTGAGCCC,27,Replicate_3,AAACGATTTTAACTCCCCTCCGCCGC
NG-33296_Meliloti_first_assay_lib700601_10246_2,28,1,DMSO,3,6,POOL6,ATGGCTAGTCCTGGTGCATTGAGCCC,25,Replicate_1,AAATAATTTTAACTCCCCTCCGCCGC
NG-33296_Meliloti_first_assay_lib700601_10246_2,29,2,DMSO,3,6,POOL6,ATGGCTAGTCCTGGTGCATTGAGCCC,26,Replicate_2,AATGTATTTTAACTCCCCTCCGCCGC
NG-33296_Meliloti_first_assay_lib700601_10246_2,30,3,DMSO,3,6,POOL6,ATGGCTAGTCCTGGTGCATTGAGCCC,27,Replicate_3,AAACGATTTTAACTCCCCTCCGCCGC
NG-33296_Meliloti_first_assay_lib700601_10246_2,31,1,C1,1,1,POOL4,AAAGGTAGTCCTGGTGCATTGAGCCC,19,Replicate_1,AACGTATTTTAACTCCCCTCCGCCGC
NG-33296_Meliloti_first_assay_lib700601_10246_2,32,2,C1,1,1,POOL4,AAAGGTAGTCCTGGTGCATTGAGCCC,20,Replicate_2,AGGGTATTTTAACTCCCCTCCGCCGC
NG-33296_Meliloti_first_assay_lib700601_10246_2,33,3,C1,1,1,POOL4,AAAGGTAGTCCTGGTGCATTGAGCCC,21,Replicate_3,AACTAATTTTAACTCCCCTCCGCCGC
NG-33296_Meliloti_first_assay_lib700601_10246_2,34,1,C1,1,2,POOL5,AGTGTTAGTCCTGGTGCATTGAGCCC,19,Replicate_1,AACGTATTTTAACTCCCCTCCGCCGC
NG-33296_Meliloti_first_assay_lib700601_10246_2,35,2,C1,1,2,POOL5,AGTGTTAGTCCTGGTGCATTGAGCCC,20,Replicate_2,AGGGTATTTTAACTCCCCTCCGCCGC
NG-33296_Meliloti_first_assay_lib700601_10246_2,36,3,C1,1,2,POOL5,AGTGTTAGTCCTGGTGCATTGAGCCC,21,Replicate_3,AACTAATTTTAACTCCCCTCCGCCGC
NG-33296_Meliloti_first_assay_lib700601_10246_2,37,1,C1,1,3,POOL6,AAAATTAGTCCTGGTGCATTGAGCCC,19,Replicate_1,AACGTATTTTAACTCCCCTCCGCCGC
NG-33296_Meliloti_first_assay_lib700601_10246_2,38,2,C1,1,3,POOL6,AAAATTAGTCCTGGTGCATTGAGCCC,20,Replicate_2,AGGGTATTTTAACTCCCCTCCGCCGC
NG-33296_Meliloti_first_assay_lib700601_10246_2,39,3,C1,1,3,POOL6,AAAATTAGTCCTGGTGCATTGAGCCC,21,Replicate_3,AACTAATTTTAACTCCCCTCCGCCGC
NG-33296_Meliloti_first_assay_lib700601_10246_2,40,1,C1,2,1,POOL4,AAAGGTAGTCCTGGTGCATTGAGCCC,22,Replicate_1,AGCCGATTTTAACTCCCCTCCGCCGC
NG-33296_Meliloti_first_assay_lib700601_10246_2,41,2,C1,2,1,POOL4,AAAGGTAGTCCTGGTGCATTGAGCCC,23,Replicate_2,ACAGAATTTTAACTCCCCTCCGCCGC
NG-33296_Meliloti_first_assay_lib700601_10246_2,42,3,C1,2,1,POOL4,AAAGGTAGTCCTGGTGCATTGAGCCC,24,Replicate_3,ACCACATTTTAACTCCCCTCCGCCGC
NG-33296_Meliloti_first_assay_lib700601_10246_2,43,1,C1,2,2,POOL5,AGTGTTAGTCCTGGTGCATTGAGCCC,22,Replicate_1,AGCCGATTTTAACTCCCCTCCGCCGC
NG-33296_Meliloti_first_assay_lib700601_10246_2,44,2,C1,2,2,POOL5,AGTGTTAGTCCTGGTGCATTGAGCCC,23,Replicate_2,ACAGAATTTTAACTCCCCTCCGCCGC
NG-33296_Meliloti_first_assay_lib700601_10246_2,45,3,C1,2,2,POOL5,AGTGTTAGTCCTGGTGCATTGAGCCC,24,Replicate_3,ACCACATTTTAACTCCCCTCCGCCGC
NG-33296_Meliloti_first_assay_lib700601_10246_2,46,1,C1,2,3,POOL6,AAAATTAGTCCTGGTGCATTGAGCCC,22,Replicate_1,AGCCGATTTTAACTCCCCTCCGCCGC
NG-33296_Meliloti_first_assay_lib700601_10246_2,47,2,C1,2,3,POOL6,AAAATTAGTCCTGGTGCATTGAGCCC,23,Replicate_2,ACAGAATTTTAACTCCCCTCCGCCGC
NG-33296_Meliloti_first_assay_lib700601_10246_2,48,3,C1,2,3,POOL6,AAAATTAGTCCTGGTGCATTGAGCCC,24,Replicate_3,ACCACATTTTAACTCCCCTCCGCCGC
NG-33296_Meliloti_first_assay_lib700601_10246_2,49,1,C1,3,1,POOL4,AAAGGTAGTCCTGGTGCATTGAGCCC,25,Replicate_1,AAATAATTTTAACTCCCCTCCGCCGC
NG-33296_Meliloti_first_assay_lib700601_10246_2,50,2,C1,3,1,POOL4,AAAGGTAGTCCTGGTGCATTGAGCCC,26,Replicate_2,AATGTATTTTAACTCCCCTCCGCCGC
NG-33296_Meliloti_first_assay_lib700601_10246_2,51,3,C1,3,1,POOL4,AAAGGTAGTCCTGGTGCATTGAGCCC,27,Replicate_3,AAACGATTTTAACTCCCCTCCGCCGC
NG-33296_Meliloti_first_assay_lib700601_10246_2,52,1,C1,3,2,POOL5,AGTGTTAGTCCTGGTGCATTGAGCCC,25,Replicate_1,AAATAATTTTAACTCCCCTCCGCCGC
NG-33296_Meliloti_first_assay_lib700601_10246_2,53,2,C1,3,2,POOL5,AGTGTTAGTCCTGGTGCATTGAGCCC,26,Replicate_2,AATGTATTTTAACTCCCCTCCGCCGC
NG-33296_Meliloti_first_assay_lib700601_10246_2,54,3,C1,3,2,POOL5,AGTGTTAGTCCTGGTGCATTGAGCCC,27,Replicate_3,AAACGATTTTAACTCCCCTCCGCCGC
NG-33296_Meliloti_first_assay_lib700601_10246_2,55,1,C1,3,3,POOL6,AAAATTAGTCCTGGTGCATTGAGCCC,25,Replicate_1,AAATAATTTTAACTCCCCTCCGCCGC
NG-33296_Meliloti_first_assay_lib700601_10246_2,56,2,C1,3,3,POOL6,AAAATTAGTCCTGGTGCATTGAGCCC,26,Replicate_2,AATGTATTTTAACTCCCCTCCGCCGC
NG-33296_Meliloti_first_assay_lib700601_10246_2,57,3,C1,3,3,POOL6,AAAATTAGTCCTGGTGCATTGAGCCC,27,Replicate_3,AAACGATTTTAACTCCCCTCCGCCGC
NG-33296_Meliloti_first_assay_lib700601_10246_2,1,1,None,0,4,POOL7,ATCTTTAGTCCTGGTGCATTGAGCCC,16,Replicate_1,ATACCATTTTAACTCCCCTCCGCCGC
NG-33296_Meliloti_first_assay_lib700601_10246_2,2,1,None,0,5,POOL8,ACGCATAGTCCTGGTGCATTGAGCCC,17,Replicate_1,AGATTATTTTAACTCCCCTCCGCCGC
NG-33296_Meliloti_first_assay_lib700601_10246_2,3,1,None,0,6,POOL9,ATGGCTAGTCCTGGTGCATTGAGCCC,18,Replicate_1,AGGGGATTTTAACTCCCCTCCGCCGC
NG-33296_Meliloti_first_assay_lib700601_10246_2,4,1,DMSO,1,4,POOL7,ATCTTTAGTCCTGGTGCATTGAGCCC,19,Replicate_1,AACGTATTTTAACTCCCCTCCGCCGC
NG-33296_Meliloti_first_assay_lib700601_10246_2,5,2,DMSO,1,4,POOL7,ATCTTTAGTCCTGGTGCATTGAGCCC,20,Replicate_2,AGGGTATTTTAACTCCCCTCCGCCGC
NG-33296_Meliloti_first_assay_lib700601_10246_2,6,3,DMSO,1,4,POOL7,ATCTTTAGTCCTGGTGCATTGAGCCC,21,Replicate_3,AACTAATTTTAACTCCCCTCCGCCGC
NG-33296_Meliloti_first_assay_lib700601_10246_2,7,1,DMSO,1,5,POOL8,ACGCATAGTCCTGGTGCATTGAGCCC,19,Replicate_1,AACGTATTTTAACTCCCCTCCGCCGC
NG-33296_Meliloti_first_assay_lib700601_10246_2,8,2,DMSO,1,5,POOL8,ACGCATAGTCCTGGTGCATTGAGCCC,20,Replicate_2,AGGGTATTTTAACTCCCCTCCGCCGC
NG-33296_Meliloti_first_assay_lib700601_10246_2,9,3,DMSO,1,5,POOL8,ACGCATAGTCCTGGTGCATTGAGCCC,21,Replicate_3,AACTAATTTTAACTCCCCTCCGCCGC
NG-33296_Meliloti_first_assay_lib700601_10246_2,10,1,DMSO,1,6,POOL9,ATGGCTAGTCCTGGTGCATTGAGCCC,19,Replicate_1,AACGTATTTTAACTCCCCTCCGCCGC
NG-33296_Meliloti_first_assay_lib700601_10246_2,11,2,DMSO,1,6,POOL9,ATGGCTAGTCCTGGTGCATTGAGCCC,20,Replicate_2,AGGGTATTTTAACTCCCCTCCGCCGC
NG-33296_Meliloti_first_assay_lib700601_10246_2,12,3,DMSO,1,6,POOL9,ATGGCTAGTCCTGGTGCATTGAGCCC,21,Replicate_3,AACTAATTTTAACTCCCCTCCGCCGC
NG-33296_Meliloti_first_assay_lib700601_10246_2,13,1,DMSO,2,4,POOL7,ATCTTTAGTCCTGGTGCATTGAGCCC,22,Replicate_1,AGCCGATTTTAACTCCCCTCCGCCGC
NG-33296_Meliloti_first_assay_lib700601_10246_2,14,2,DMSO,2,4,POOL7,ATCTTTAGTCCTGGTGCATTGAGCCC,23,Replicate_2,ACAGAATTTTAACTCCCCTCCGCCGC
NG-33296_Meliloti_first_assay_lib700601_10246_2,15,3,DMSO,2,4,POOL7,ATCTTTAGTCCTGGTGCATTGAGCCC,24,Replicate_3,ACCACATTTTAACTCCCCTCCGCCGC
NG-33296_Meliloti_first_assay_lib700601_10246_2,16,1,DMSO,2,5,POOL8,ACGCATAGTCCTGGTGCATTGAGCCC,22,Replicate_1,AGCCGATTTTAACTCCCCTCCGCCGC
NG-33296_Meliloti_first_assay_lib700601_10246_2,17,2,DMSO,2,5,POOL8,ACGCATAGTCCTGGTGCATTGAGCCC,23,Replicate_2,ACAGAATTTTAACTCCCCTCCGCCGC
NG-33296_Meliloti_first_assay_lib700601_10246_2,18,3,DMSO,2,5,POOL8,ACGCATAGTCCTGGTGCATTGAGCCC,24,Replicate_3,ACCACATTTTAACTCCCCTCCGCCGC
NG-33296_Meliloti_first_assay_lib700601_10246_2,19,1,DMSO,2,6,POOL9,ATGGCTAGTCCTGGTGCATTGAGCCC,22,Replicate_1,AGCCGATTTTAACTCCCCTCCGCCGC
NG-33296_Meliloti_first_assay_lib700601_10246_2,20,2,DMSO,2,6,POOL9,ATGGCTAGTCCTGGTGCATTGAGCCC,23,Replicate_2,ACAGAATTTTAACTCCCCTCCGCCGC
NG-33296_Meliloti_first_assay_lib700601_10246_2,21,3,DMSO,2,6,POOL9,ATGGCTAGTCCTGGTGCATTGAGCCC,24,Replicate_3,ACCACATTTTAACTCCCCTCCGCCGC
NG-33296_Meliloti_first_assay_lib700601_10246_2,22,1,DMSO,3,4,POOL7,ATCTTTAGTCCTGGTGCATTGAGCCC,25,Replicate_1,AAATAATTTTAACTCCCCTCCGCCGC
NG-33296_Meliloti_first_assay_lib700601_10246_2,23,2,DMSO,3,4,POOL7,ATCTTTAGTCCTGGTGCATTGAGCCC,26,Replicate_2,AATGTATTTTAACTCCCCTCCGCCGC
NG-33296_Meliloti_first_assay_lib700601_10246_2,24,3,DMSO,3,4,POOL7,ATCTTTAGTCCTGGTGCATTGAGCCC,27,Replicate_3,AAACGATTTTAACTCCCCTCCGCCGC
NG-33296_Meliloti_first_assay_lib700601_10246_2,25,1,DMSO,3,5,POOL8,ACGCATAGTCCTGGTGCATTGAGCCC,25,Replicate_1,AAATAATTTTAACTCCCCTCCGCCGC
NG-33296_Meliloti_first_assay_lib700601_10246_2,26,2,DMSO,3,5,POOL8,ACGCATAGTCCTGGTGCATTGAGCCC,26,Replicate_2,AATGTATTTTAACTCCCCTCCGCCGC
NG-33296_Meliloti_first_assay_lib700601_10246_2,27,3,DMSO,3,5,POOL8,ACGCATAGTCCTGGTGCATTGAGCCC,27,Replicate_3,AAACGATTTTAACTCCCCTCCGCCGC
NG-33296_Meliloti_first_assay_lib700601_10246_2,28,1,DMSO,3,6,POOL9,ATGGCTAGTCCTGGTGCATTGAGCCC,25,Replicate_1,AAATAATTTTAACTCCCCTCCGCCGC
NG-33296_Meliloti_first_assay_lib700601_10246_2,29,2,DMSO,3,6,POOL9,ATGGCTAGTCCTGGTGCATTGAGCCC,26,Replicate_2,AATGTATTTTAACTCCCCTCCGCCGC
NG-33296_Meliloti_first_assay_lib700601_10246_2,30,3,DMSO,3,6,POOL9,ATGGCTAGTCCTGGTGCATTGAGCCC,27,Replicate_3,AAACGATTTTAACTCCCCTCCGCCGC
NG-33296_Meliloti_first_assay_lib700601_10246_2,31,1,C1,1,1,POOL7,AAAGGTAGTCCTGGTGCATTGAGCCC,19,Replicate_1,AACGTATTTTAACTCCCCTCCGCCGC
NG-33296_Meliloti_first_assay_lib700601_10246_2,32,2,C1,1,1,POOL7,AAAGGTAGTCCTGGTGCATTGAGCCC,20,Replicate_2,AGGGTATTTTAACTCCCCTCCGCCGC
NG-33296_Meliloti_first_assay_lib700601_10246_2,33,3,C1,1,1,POOL7,AAAGGTAGTCCTGGTGCATTGAGCCC,21,Replicate_3,AACTAATTTTAACTCCCCTCCGCCGC
NG-33296_Meliloti_first_assay_lib700601_10246_2,34,1,C1,1,2,POOL8,AGTGTTAGTCCTGGTGCATTGAGCCC,19,Replicate_1,AACGTATTTTAACTCCCCTCCGCCGC
NG-33296_Meliloti_first_assay_lib700601_10246_2,35,2,C1,1,2,POOL8,AGTGTTAGTCCTGGTGCATTGAGCCC,20,Replicate_2,AGGGTATTTTAACTCCCCTCCGCCGC
NG-33296_Meliloti_first_assay_lib700601_10246_2,36,3,C1,1,2,POOL8,AGTGTTAGTCCTGGTGCATTGAGCCC,21,Replicate_3,AACTAATTTTAACTCCCCTCCGCCGC
NG-33296_Meliloti_first_assay_lib700601_10246_2,37,1,C1,1,3,POOL9,AAAATTAGTCCTGGTGCATTGAGCCC,19,Replicate_1,AACGTATTTTAACTCCCCTCCGCCGC
NG-33296_Meliloti_first_assay_lib700601_10246_2,38,2,C1,1,3,POOL9,AAAATTAGTCCTGGTGCATTGAGCCC,20,Replicate_2,AGGGTATTTTAACTCCCCTCCGCCGC
NG-33296_Meliloti_first_assay_lib700601_10246_2,39,3,C1,1,3,POOL9,AAAATTAGTCCTGGTGCATTGAGCCC,21,Replicate_3,AACTAATTTTAACTCCCCTCCGCCGC
NG-33296_Meliloti_first_assay_lib700601_10246_2,40,1,C1,2,1,POOL7,AAAGGTAGTCCTGGTGCATTGAGCCC,22,Replicate_1,AGCCGATTTTAACTCCCCTCCGCCGC
NG-33296_Meliloti_first_assay_lib700601_10246_2,41,2,C1,2,1,POOL7,AAAGGTAGTCCTGGTGCATTGAGCCC,23,Replicate_2,ACAGAATTTTAACTCCCCTCCGCCGC
NG-33296_Meliloti_first_assay_lib700601_10246_2,42,3,C1,2,1,POOL7,AAAGGTAGTCCTGGTGCATTGAGCCC,24,Replicate_3,ACCACATTTTAACTCCCCTCCGCCGC
NG-33296_Meliloti_first_assay_lib700601_10246_2,43,1,C1,2,2,POOL8,AGTGTTAGTCCTGGTGCATTGAGCCC,22,Replicate_1,AGCCGATTTTAACTCCCCTCCGCCGC
NG-33296_Meliloti_first_assay_lib700601_10246_2,44,2,C1,2,2,POOL8,AGTGTTAGTCCTGGTGCATTGAGCCC,23,Replicate_2,ACAGAATTTTAACTCCCCTCCGCCGC
NG-33296_Meliloti_first_assay_lib700601_10246_2,45,3,C1,2,2,POOL8,AGTGTTAGTCCTGGTGCATTGAGCCC,24,Replicate_3,ACCACATTTTAACTCCCCTCCGCCGC
NG-33296_Meliloti_first_assay_lib700601_10246_2,46,1,C1,2,3,POOL9,AAAATTAGTCCTGGTGCATTGAGCCC,22,Replicate_1,AGCCGATTTTAACTCCCCTCCGCCGC
NG-33296_Meliloti_first_assay_lib700601_10246_2,47,2,C1,2,3,POOL9,AAAATTAGTCCTGGTGCATTGAGCCC,23,Replicate_2,ACAGAATTTTAACTCCCCTCCGCCGC
NG-33296_Meliloti_first_assay_lib700601_10246_2,48,3,C1,2,3,POOL9,AAAATTAGTCCTGGTGCATTGAGCCC,24,Replicate_3,ACCACATTTTAACTCCCCTCCGCCGC
NG-33296_Meliloti_first_assay_lib700601_10246_2,49,1,C1,3,1,POOL7,AAAGGTAGTCCTGGTGCATTGAGCCC,25,Replicate_1,AAATAATTTTAACTCCCCTCCGCCGC
NG-33296_Meliloti_first_assay_lib700601_10246_2,50,2,C1,3,1,POOL7,AAAGGTAGTCCTGGTGCATTGAGCCC,26,Replicate_2,AATGTATTTTAACTCCCCTCCGCCGC
NG-33296_Meliloti_first_assay_lib700601_10246_2,51,3,C1,3,1,POOL7,AAAGGTAGTCCTGGTGCATTGAGCCC,27,Replicate_3,AAACGATTTTAACTCCCCTCCGCCGC
NG-33296_Meliloti_first_assay_lib700601_10246_2,52,1,C1,3,2,POOL8,AGTGTTAGTCCTGGTGCATTGAGCCC,25,Replicate_1,AAATAATTTTAACTCCCCTCCGCCGC
NG-33296_Meliloti_first_assay_lib700601_10246_2,53,2,C1,3,2,POOL8,AGTGTTAGTCCTGGTGCATTGAGCCC,26,Replicate_2,AATGTATTTTAACTCCCCTCCGCCGC
NG-33296_Meliloti_first_assay_lib700601_10246_2,54,3,C1,3,2,POOL8,AGTGTTAGTCCTGGTGCATTGAGCCC,27,Replicate_3,AAACGATTTTAACTCCCCTCCGCCGC
NG-33296_Meliloti_first_assay_lib700601_10246_2,55,1,C1,3,3,POOL9,AAAATTAGTCCTGGTGCATTGAGCCC,25,Replicate_1,AAATAATTTTAACTCCCCTCCGCCGC
NG-33296_Meliloti_first_assay_lib700601_10246_2,56,2,C1,3,3,POOL9,AAAATTAGTCCTGGTGCATTGAGCCC,26,Replicate_2,AATGTATTTTAACTCCCCTCCGCCGC
NG-33296_Meliloti_first_assay_lib700601_10246_2,57,3,C1,3,3,POOL9,AAAATTAGTCCTGGTGCATTGAGCCC,27,Replicate_3,AAACGATTTTAACTCCCCTCCGCCGC
NG-34087_Meliloti_POOL_10_15_C1_lib715704_10291_3,1,1,None,0,4,POOL10,ATCTTTAGTCCTGGTGCATTGAGCCC,16,Replicate_1,ATACCATTTTAACTCCCCTCCGCCGC
NG-34087_Meliloti_POOL_10_15_C1_lib715704_10291_3,2,1,None,0,5,POOL11,ACGCATAGTCCTGGTGCATTGAGCCC,17,Replicate_1,AGATTATTTTAACTCCCCTCCGCCGC
NG-34087_Meliloti_POOL_10_15_C1_lib715704_10291_3,3,1,None,0,6,POOL12,ATGGCTAGTCCTGGTGCATTGAGCCC,18,Replicate_1,AGGGGATTTTAACTCCCCTCCGCCGC
NG-34087_Meliloti_POOL_10_15_C1_lib715704_10291_3,4,1,DMSO,1,4,POOL10,ATCTTTAGTCCTGGTGCATTGAGCCC,19,Replicate_1,AACGTATTTTAACTCCCCTCCGCCGC
NG-34087_Meliloti_POOL_10_15_C1_lib715704_10291_3,5,2,DMSO,1,4,POOL10,ATCTTTAGTCCTGGTGCATTGAGCCC,20,Replicate_2,AGGGTATTTTAACTCCCCTCCGCCGC
NG-34087_Meliloti_POOL_10_15_C1_lib715704_10291_3,6,3,DMSO,1,4,POOL10,ATCTTTAGTCCTGGTGCATTGAGCCC,21,Replicate_3,AACTAATTTTAACTCCCCTCCGCCGC
NG-34087_Meliloti_POOL_10_15_C1_lib715704_10291_3,7,1,DMSO,1,5,POOL11,ACGCATAGTCCTGGTGCATTGAGCCC,19,Replicate_1,AACGTATTTTAACTCCCCTCCGCCGC
NG-34087_Meliloti_POOL_10_15_C1_lib715704_10291_3,8,2,DMSO,1,5,POOL11,ACGCATAGTCCTGGTGCATTGAGCCC,20,Replicate_2,AGGGTATTTTAACTCCCCTCCGCCGC
NG-34087_Meliloti_POOL_10_15_C1_lib715704_10291_3,9,3,DMSO,1,5,POOL11,ACGCATAGTCCTGGTGCATTGAGCCC,21,Replicate_3,AACTAATTTTAACTCCCCTCCGCCGC
NG-34087_Meliloti_POOL_10_15_C1_lib715704_10291_3,10,1,DMSO,1,6,POOL12,ATGGCTAGTCCTGGTGCATTGAGCCC,19,Replicate_1,AACGTATTTTAACTCCCCTCCGCCGC
NG-34087_Meliloti_POOL_10_15_C1_lib715704_10291_3,11,2,DMSO,1,6,POOL12,ATGGCTAGTCCTGGTGCATTGAGCCC,20,Replicate_2,AGGGTATTTTAACTCCCCTCCGCCGC
NG-34087_Meliloti_POOL_10_15_C1_lib715704_10291_3,12,3,DMSO,1,6,POOL12 ,ATGGCTAGTCCTGGTGCATTGAGCCC,21,Replicate_3,AACTAATTTTAACTCCCCTCCGCCGC
NG-34087_Meliloti_POOL_10_15_C1_lib715704_10291_3,13,1,DMSO,2,4,POOL10,ATCTTTAGTCCTGGTGCATTGAGCCC,22,Replicate_1,AGCCGATTTTAACTCCCCTCCGCCGC
NG-34087_Meliloti_POOL_10_15_C1_lib715704_10291_3,14,2,DMSO,2,4,POOL10,ATCTTTAGTCCTGGTGCATTGAGCCC,23,Replicate_2,ACAGAATTTTAACTCCCCTCCGCCGC
NG-34087_Meliloti_POOL_10_15_C1_lib715704_10291_3,15,3,DMSO,2,4,POOL10,ATCTTTAGTCCTGGTGCATTGAGCCC,24,Replicate_3,ACCACATTTTAACTCCCCTCCGCCGC
NG-34087_Meliloti_POOL_10_15_C1_lib715704_10291_3,16,1,DMSO,2,5,POOL11,ACGCATAGTCCTGGTGCATTGAGCCC,22,Replicate_1,AGCCGATTTTAACTCCCCTCCGCCGC
NG-34087_Meliloti_POOL_10_15_C1_lib715704_10291_3,17,2,DMSO,2,5,POOL11,ACGCATAGTCCTGGTGCATTGAGCCC,23,Replicate_2,ACAGAATTTTAACTCCCCTCCGCCGC
NG-34087_Meliloti_POOL_10_15_C1_lib715704_10291_3,18,3,DMSO,2,5,POOL11,ACGCATAGTCCTGGTGCATTGAGCCC,24,Replicate_3,ACCACATTTTAACTCCCCTCCGCCGC
NG-34087_Meliloti_POOL_10_15_C1_lib715704_10291_3,19,1,DMSO,2,6,POOL12,ATGGCTAGTCCTGGTGCATTGAGCCC,22,Replicate_1,AGCCGATTTTAACTCCCCTCCGCCGC
NG-34087_Meliloti_POOL_10_15_C1_lib715704_10291_3,20,2,DMSO,2,6,POOL12,ATGGCTAGTCCTGGTGCATTGAGCCC,23,Replicate_2,ACAGAATTTTAACTCCCCTCCGCCGC
NG-34087_Meliloti_POOL_10_15_C1_lib715704_10291_3,21,3,DMSO,2,6,POOL12 ,ATGGCTAGTCCTGGTGCATTGAGCCC,24,Replicate_3,ACCACATTTTAACTCCCCTCCGCCGC
NG-34087_Meliloti_POOL_10_15_C1_lib715704_10291_3,22,1,DMSO,3,4,POOL10,ATCTTTAGTCCTGGTGCATTGAGCCC,25,Replicate_1,AAATAATTTTAACTCCCCTCCGCCGC
NG-34087_Meliloti_POOL_10_15_C1_lib715704_10291_3,23,2,DMSO,3,4,POOL10,ATCTTTAGTCCTGGTGCATTGAGCCC,26,Replicate_2,AATGTATTTTAACTCCCCTCCGCCGC
NG-34087_Meliloti_POOL_10_15_C1_lib715704_10291_3,24,3,DMSO,3,4,POOL10,ATCTTTAGTCCTGGTGCATTGAGCCC,27,Replicate_3,AAACGATTTTAACTCCCCTCCGCCGC
NG-34087_Meliloti_POOL_10_15_C1_lib715704_10291_3,25,1,DMSO,3,5,POOL11,ACGCATAGTCCTGGTGCATTGAGCCC,25,Replicate_1,AAATAATTTTAACTCCCCTCCGCCGC
NG-34087_Meliloti_POOL_10_15_C1_lib715704_10291_3,26,2,DMSO,3,5,POOL11,ACGCATAGTCCTGGTGCATTGAGCCC,26,Replicate_2,AATGTATTTTAACTCCCCTCCGCCGC
NG-34087_Meliloti_POOL_10_15_C1_lib715704_10291_3,27,3,DMSO,3,5,POOL11,ACGCATAGTCCTGGTGCATTGAGCCC,27,Replicate_3,AAACGATTTTAACTCCCCTCCGCCGC
NG-34087_Meliloti_POOL_10_15_C1_lib715704_10291_3,28,1,DMSO,3,6,POOL12,ATGGCTAGTCCTGGTGCATTGAGCCC,25,Replicate_1,AAATAATTTTAACTCCCCTCCGCCGC
NG-34087_Meliloti_POOL_10_15_C1_lib715704_10291_3,29,2,DMSO,3,6,POOL12,ATGGCTAGTCCTGGTGCATTGAGCCC,26,Replicate_2,AATGTATTTTAACTCCCCTCCGCCGC
NG-34087_Meliloti_POOL_10_15_C1_lib715704_10291_3,30,3,DMSO,3,6,POOL12 ,ATGGCTAGTCCTGGTGCATTGAGCCC,27,Replicate_3,AAACGATTTTAACTCCCCTCCGCCGC
NG-34087_Meliloti_POOL_10_15_C1_lib715704_10291_3,31,1,C1,1,1,POOL10,AAAGGTAGTCCTGGTGCATTGAGCCC,19,Replicate_1,AACGTATTTTAACTCCCCTCCGCCGC
NG-34087_Meliloti_POOL_10_15_C1_lib715704_10291_3,32,2,C1,1,1,POOL10,AAAGGTAGTCCTGGTGCATTGAGCCC,20,Replicate_2,AGGGTATTTTAACTCCCCTCCGCCGC
NG-34087_Meliloti_POOL_10_15_C1_lib715704_10291_3,33,3,C1,1,1,POOL10,AAAGGTAGTCCTGGTGCATTGAGCCC,21,Replicate_3,AACTAATTTTAACTCCCCTCCGCCGC
NG-34087_Meliloti_POOL_10_15_C1_lib715704_10291_3,34,1,C1,1,2,POOL11,AGTGTTAGTCCTGGTGCATTGAGCCC,19,Replicate_1,AACGTATTTTAACTCCCCTCCGCCGC
NG-34087_Meliloti_POOL_10_15_C1_lib715704_10291_3,35,2,C1,1,2,POOL11,AGTGTTAGTCCTGGTGCATTGAGCCC,20,Replicate_2,AGGGTATTTTAACTCCCCTCCGCCGC
NG-34087_Meliloti_POOL_10_15_C1_lib715704_10291_3,36,3,C1,1,2,POOL11,AGTGTTAGTCCTGGTGCATTGAGCCC,21,Replicate_3,AACTAATTTTAACTCCCCTCCGCCGC
NG-34087_Meliloti_POOL_10_15_C1_lib715704_10291_3,37,1,C1,1,3,POOL12,AAAATTAGTCCTGGTGCATTGAGCCC,19,Replicate_1,AACGTATTTTAACTCCCCTCCGCCGC
NG-34087_Meliloti_POOL_10_15_C1_lib715704_10291_3,38,2,C1,1,3,POOL12,AAAATTAGTCCTGGTGCATTGAGCCC,20,Replicate_2,AGGGTATTTTAACTCCCCTCCGCCGC
NG-34087_Meliloti_POOL_10_15_C1_lib715704_10291_3,39,3,C1,1,3,POOL12 ,AAAATTAGTCCTGGTGCATTGAGCCC,21,Replicate_3,AACTAATTTTAACTCCCCTCCGCCGC
NG-34087_Meliloti_POOL_10_15_C1_lib715704_10291_3,40,1,C1,2,1,POOL10,AAAGGTAGTCCTGGTGCATTGAGCCC,22,Replicate_1,AGCCGATTTTAACTCCCCTCCGCCGC
NG-34087_Meliloti_POOL_10_15_C1_lib715704_10291_3,41,2,C1,2,1,POOL10,AAAGGTAGTCCTGGTGCATTGAGCCC,23,Replicate_2,ACAGAATTTTAACTCCCCTCCGCCGC
NG-34087_Meliloti_POOL_10_15_C1_lib715704_10291_3,42,3,C1,2,1,POOL10,AAAGGTAGTCCTGGTGCATTGAGCCC,24,Replicate_3,ACCACATTTTAACTCCCCTCCGCCGC
NG-34087_Meliloti_POOL_10_15_C1_lib715704_10291_3,43,1,C1,2,2,POOL11,AGTGTTAGTCCTGGTGCATTGAGCCC,22,Replicate_1,AGCCGATTTTAACTCCCCTCCGCCGC
NG-34087_Meliloti_POOL_10_15_C1_lib715704_10291_3,44,2,C1,2,2,POOL11,AGTGTTAGTCCTGGTGCATTGAGCCC,23,Replicate_2,ACAGAATTTTAACTCCCCTCCGCCGC
NG-34087_Meliloti_POOL_10_15_C1_lib715704_10291_3,45,3,C1,2,2,POOL11,AGTGTTAGTCCTGGTGCATTGAGCCC,24,Replicate_3,ACCACATTTTAACTCCCCTCCGCCGC
NG-34087_Meliloti_POOL_10_15_C1_lib715704_10291_3,46,1,C1,2,3,POOL12,AAAATTAGTCCTGGTGCATTGAGCCC,22,Replicate_1,AGCCGATTTTAACTCCCCTCCGCCGC
NG-34087_Meliloti_POOL_10_15_C1_lib715704_10291_3,47,2,C1,2,3,POOL12,AAAATTAGTCCTGGTGCATTGAGCCC,23,Replicate_2,ACAGAATTTTAACTCCCCTCCGCCGC
NG-34087_Meliloti_POOL_10_15_C1_lib715704_10291_3,48,3,C1,2,3,POOL12 ,AAAATTAGTCCTGGTGCATTGAGCCC,24,Replicate_3,ACCACATTTTAACTCCCCTCCGCCGC
NG-34087_Meliloti_POOL_10_15_C1_lib715704_10291_3,49,1,C1,3,1,POOL10,AAAGGTAGTCCTGGTGCATTGAGCCC,25,Replicate_1,AAATAATTTTAACTCCCCTCCGCCGC
NG-34087_Meliloti_POOL_10_15_C1_lib715704_10291_3,50,2,C1,3,1,POOL10,AAAGGTAGTCCTGGTGCATTGAGCCC,26,Replicate_2,AATGTATTTTAACTCCCCTCCGCCGC
NG-34087_Meliloti_POOL_10_15_C1_lib715704_10291_3,51,3,C1,3,1,POOL10,AAAGGTAGTCCTGGTGCATTGAGCCC,27,Replicate_3,AAACGATTTTAACTCCCCTCCGCCGC
NG-34087_Meliloti_POOL_10_15_C1_lib715704_10291_3,52,1,C1,3,2,POOL11,AGTGTTAGTCCTGGTGCATTGAGCCC,25,Replicate_1,AAATAATTTTAACTCCCCTCCGCCGC
NG-34087_Meliloti_POOL_10_15_C1_lib715704_10291_3,53,2,C1,3,2,POOL11,AGTGTTAGTCCTGGTGCATTGAGCCC,26,Replicate_2,AATGTATTTTAACTCCCCTCCGCCGC
NG-34087_Meliloti_POOL_10_15_C1_lib715704_10291_3,54,3,C1,3,2,POOL11,AGTGTTAGTCCTGGTGCATTGAGCCC,27,Replicate_3,AAACGATTTTAACTCCCCTCCGCCGC
NG-34087_Meliloti_POOL_10_15_C1_lib715704_10291_3,55,1,C1,3,3,POOL12,AAAATTAGTCCTGGTGCATTGAGCCC,25,Replicate_1,AAATAATTTTAACTCCCCTCCGCCGC
NG-34087_Meliloti_POOL_10_15_C1_lib715704_10291_3,56,2,C1,3,3,POOL12,AAAATTAGTCCTGGTGCATTGAGCCC,26,Replicate_2,AATGTATTTTAACTCCCCTCCGCCGC
NG-34087_Meliloti_POOL_10_15_C1_lib715704_10291_3,57,3,C1,3,3,POOL12 ,AAAATTAGTCCTGGTGCATTGAGCCC,27,Replicate_3,AAACGATTTTAACTCCCCTCCGCCGC
NG-34087_Meliloti_POOL_10_15_C1_lib715704_10291_3,1,1,None,0,9,POOL13,ATAGGTAGTCCTGGTGCATTGAGCCC,16,Replicate_1,ATACCATTTTAACTCCCCTCCGCCGC
NG-34087_Meliloti_POOL_10_15_C1_lib715704_10291_3,2,1,None,0,10,POOL14,ATCTGTAGTCCTGGTGCATTGAGCCC,17,Replicate_1,AGATTATTTTAACTCCCCTCCGCCGC
NG-34087_Meliloti_POOL_10_15_C1_lib715704_10291_3,3,1,None,0,11,POOL15,ATGTGTAGTCCTGGTGCATTGAGCCC,18,Replicate_1,AGGGGATTTTAACTCCCCTCCGCCGC
NG-34087_Meliloti_POOL_10_15_C1_lib715704_10291_3,4,1,DMSO,1,9,POOL13,ATAGGTAGTCCTGGTGCATTGAGCCC,19,Replicate_1,AACGTATTTTAACTCCCCTCCGCCGC
NG-34087_Meliloti_POOL_10_15_C1_lib715704_10291_3,5,2,DMSO,1,9,POOL13,ATAGGTAGTCCTGGTGCATTGAGCCC,20,Replicate_2,AGGGTATTTTAACTCCCCTCCGCCGC
NG-34087_Meliloti_POOL_10_15_C1_lib715704_10291_3,6,3,DMSO,1,9,POOL13,ATAGGTAGTCCTGGTGCATTGAGCCC,21,Replicate_3,AACTAATTTTAACTCCCCTCCGCCGC
NG-34087_Meliloti_POOL_10_15_C1_lib715704_10291_3,7,1,DMSO,1,10,POOL14,ATCTGTAGTCCTGGTGCATTGAGCCC,19,Replicate_1,AACGTATTTTAACTCCCCTCCGCCGC
NG-34087_Meliloti_POOL_10_15_C1_lib715704_10291_3,8,2,DMSO,1,10,POOL14,ATCTGTAGTCCTGGTGCATTGAGCCC,20,Replicate_2,AGGGTATTTTAACTCCCCTCCGCCGC
NG-34087_Meliloti_POOL_10_15_C1_lib715704_10291_3,9,3,DMSO,1,10,POOL14,ATCTGTAGTCCTGGTGCATTGAGCCC,21,Replicate_3,AACTAATTTTAACTCCCCTCCGCCGC
NG-34087_Meliloti_POOL_10_15_C1_lib715704_10291_3,10,1,DMSO,1,11,POOL15,ATGTGTAGTCCTGGTGCATTGAGCCC,19,Replicate_1,AACGTATTTTAACTCCCCTCCGCCGC
NG-34087_Meliloti_POOL_10_15_C1_lib715704_10291_3,11,2,DMSO,1,11,POOL15,ATGTGTAGTCCTGGTGCATTGAGCCC,20,Replicate_2,AGGGTATTTTAACTCCCCTCCGCCGC
NG-34087_Meliloti_POOL_10_15_C1_lib715704_10291_3,12,3,DMSO,1,11,POOL15,ATGTGTAGTCCTGGTGCATTGAGCCC,21,Replicate_3,AACTAATTTTAACTCCCCTCCGCCGC
NG-34087_Meliloti_POOL_10_15_C1_lib715704_10291_3,13,1,DMSO,2,9,POOL13,ATAGGTAGTCCTGGTGCATTGAGCCC,22,Replicate_1,AGCCGATTTTAACTCCCCTCCGCCGC
NG-34087_Meliloti_POOL_10_15_C1_lib715704_10291_3,14,2,DMSO,2,9,POOL13,ATAGGTAGTCCTGGTGCATTGAGCCC,23,Replicate_2,ACAGAATTTTAACTCCCCTCCGCCGC
NG-34087_Meliloti_POOL_10_15_C1_lib715704_10291_3,15,3,DMSO,2,9,POOL13,ATAGGTAGTCCTGGTGCATTGAGCCC,24,Replicate_3,ACCACATTTTAACTCCCCTCCGCCGC
NG-34087_Meliloti_POOL_10_15_C1_lib715704_10291_3,16,1,DMSO,2,10,POOL14,ATCTGTAGTCCTGGTGCATTGAGCCC,22,Replicate_1,AGCCGATTTTAACTCCCCTCCGCCGC
NG-34087_Meliloti_POOL_10_15_C1_lib715704_10291_3,17,2,DMSO,2,10,POOL14,ATCTGTAGTCCTGGTGCATTGAGCCC,23,Replicate_2,ACAGAATTTTAACTCCCCTCCGCCGC
NG-34087_Meliloti_POOL_10_15_C1_lib715704_10291_3,18,3,DMSO,2,10,POOL14,ATCTGTAGTCCTGGTGCATTGAGCCC,24,Replicate_3,ACCACATTTTAACTCCCCTCCGCCGC
NG-34087_Meliloti_POOL_10_15_C1_lib715704_10291_3,19,1,DMSO,2,11,POOL15,ATGTGTAGTCCTGGTGCATTGAGCCC,22,Replicate_1,AGCCGATTTTAACTCCCCTCCGCCGC
NG-34087_Meliloti_POOL_10_15_C1_lib715704_10291_3,20,2,DMSO,2,11,POOL15,ATGTGTAGTCCTGGTGCATTGAGCCC,23,Replicate_2,ACAGAATTTTAACTCCCCTCCGCCGC
NG-34087_Meliloti_POOL_10_15_C1_lib715704_10291_3,21,3,DMSO,2,11,POOL15,ATGTGTAGTCCTGGTGCATTGAGCCC,24,Replicate_3,ACCACATTTTAACTCCCCTCCGCCGC
NG-34087_Meliloti_POOL_10_15_C1_lib715704_10291_3,22,1,DMSO,3,9,POOL13,ATAGGTAGTCCTGGTGCATTGAGCCC,25,Replicate_1,AAATAATTTTAACTCCCCTCCGCCGC
NG-34087_Meliloti_POOL_10_15_C1_lib715704_10291_3,23,2,DMSO,3,9,POOL13,ATAGGTAGTCCTGGTGCATTGAGCCC,26,Replicate_2,AATGTATTTTAACTCCCCTCCGCCGC
NG-34087_Meliloti_POOL_10_15_C1_lib715704_10291_3,24,3,DMSO,3,9,POOL13,ATAGGTAGTCCTGGTGCATTGAGCCC,27,Replicate_3,AAACGATTTTAACTCCCCTCCGCCGC
NG-34087_Meliloti_POOL_10_15_C1_lib715704_10291_3,25,1,DMSO,3,10,POOL14,ATCTGTAGTCCTGGTGCATTGAGCCC,25,Replicate_1,AAATAATTTTAACTCCCCTCCGCCGC
NG-34087_Meliloti_POOL_10_15_C1_lib715704_10291_3,26,2,DMSO,3,10,POOL14,ATCTGTAGTCCTGGTGCATTGAGCCC,26,Replicate_2,AATGTATTTTAACTCCCCTCCGCCGC
NG-34087_Meliloti_POOL_10_15_C1_lib715704_10291_3,27,3,DMSO,3,10,POOL14,ATCTGTAGTCCTGGTGCATTGAGCCC,27,Replicate_3,AAACGATTTTAACTCCCCTCCGCCGC
NG-34087_Meliloti_POOL_10_15_C1_lib715704_10291_3,28,1,DMSO,3,11,POOL15,ATGTGTAGTCCTGGTGCATTGAGCCC,25,Replicate_1,AAATAATTTTAACTCCCCTCCGCCGC
NG-34087_Meliloti_POOL_10_15_C1_lib715704_10291_3,29,2,DMSO,3,11,POOL15,ATGTGTAGTCCTGGTGCATTGAGCCC,26,Replicate_2,AATGTATTTTAACTCCCCTCCGCCGC
NG-34087_Meliloti_POOL_10_15_C1_lib715704_10291_3,30,3,DMSO,3,11,POOL15,ATGTGTAGTCCTGGTGCATTGAGCCC,27,Replicate_3,AAACGATTTTAACTCCCCTCCGCCGC
NG-34087_Meliloti_POOL_10_15_C1_lib715704_10291_3,31,1,C1,1,12,POOL13,AGACCTAGTCCTGGTGCATTGAGCCC,19,Replicate_1,AACGTATTTTAACTCCCCTCCGCCGC
NG-34087_Meliloti_POOL_10_15_C1_lib715704_10291_3,32,2,C1,1,12,POOL13,AGACCTAGTCCTGGTGCATTGAGCCC,20,Replicate_2,AGGGTATTTTAACTCCCCTCCGCCGC
NG-34087_Meliloti_POOL_10_15_C1_lib715704_10291_3,33,3,C1,1,12,POOL13,AGACCTAGTCCTGGTGCATTGAGCCC,21,Replicate_3,AACTAATTTTAACTCCCCTCCGCCGC
NG-34087_Meliloti_POOL_10_15_C1_lib715704_10291_3,34,1,C1,1,13,POOL14,AGTTATAGTCCTGGTGCATTGAGCCC,19,Replicate_1,AACGTATTTTAACTCCCCTCCGCCGC
NG-34087_Meliloti_POOL_10_15_C1_lib715704_10291_3,35,2,C1,1,13,POOL14,AGTTATAGTCCTGGTGCATTGAGCCC,20,Replicate_2,AGGGTATTTTAACTCCCCTCCGCCGC
NG-34087_Meliloti_POOL_10_15_C1_lib715704_10291_3,36,3,C1,1,13,POOL14,AGTTATAGTCCTGGTGCATTGAGCCC,21,Replicate_3,AACTAATTTTAACTCCCCTCCGCCGC
NG-34087_Meliloti_POOL_10_15_C1_lib715704_10291_3,37,1,C1,1,14,POOL15,AGTCCTAGTCCTGGTGCATTGAGCCC,19,Replicate_1,AACGTATTTTAACTCCCCTCCGCCGC
NG-34087_Meliloti_POOL_10_15_C1_lib715704_10291_3,38,2,C1,1,14,POOL15,AGTCCTAGTCCTGGTGCATTGAGCCC,20,Replicate_2,AGGGTATTTTAACTCCCCTCCGCCGC
NG-34087_Meliloti_POOL_10_15_C1_lib715704_10291_3,39,3,C1,1,14,POOL15,AGTCCTAGTCCTGGTGCATTGAGCCC,21,Replicate_3,AACTAATTTTAACTCCCCTCCGCCGC
NG-34087_Meliloti_POOL_10_15_C1_lib715704_10291_3,40,1,C1,2,12,POOL13,AGACCTAGTCCTGGTGCATTGAGCCC,22,Replicate_1,AGCCGATTTTAACTCCCCTCCGCCGC
NG-34087_Meliloti_POOL_10_15_C1_lib715704_10291_3,41,2,C1,2,12,POOL13,AGACCTAGTCCTGGTGCATTGAGCCC,23,Replicate_2,ACAGAATTTTAACTCCCCTCCGCCGC
NG-34087_Meliloti_POOL_10_15_C1_lib715704_10291_3,42,3,C1,2,12,POOL13,AGACCTAGTCCTGGTGCATTGAGCCC,24,Replicate_3,ACCACATTTTAACTCCCCTCCGCCGC
NG-34087_Meliloti_POOL_10_15_C1_lib715704_10291_3,43,1,C1,2,13,POOL14,AGTTATAGTCCTGGTGCATTGAGCCC,22,Replicate_1,AGCCGATTTTAACTCCCCTCCGCCGC
NG-34087_Meliloti_POOL_10_15_C1_lib715704_10291_3,44,2,C1,2,13,POOL14,AGTTATAGTCCTGGTGCATTGAGCCC,23,Replicate_2,ACAGAATTTTAACTCCCCTCCGCCGC
NG-34087_Meliloti_POOL_10_15_C1_lib715704_10291_3,45,3,C1,2,13,POOL14,AGTTATAGTCCTGGTGCATTGAGCCC,24,Replicate_3,ACCACATTTTAACTCCCCTCCGCCGC
NG-34087_Meliloti_POOL_10_15_C1_lib715704_10291_3,46,1,C1,2,14,POOL15,AGTCCTAGTCCTGGTGCATTGAGCCC,22,Replicate_1,AGCCGATTTTAACTCCCCTCCGCCGC
NG-34087_Meliloti_POOL_10_15_C1_lib715704_10291_3,47,2,C1,2,14,POOL15,AGTCCTAGTCCTGGTGCATTGAGCCC,23,Replicate_2,ACAGAATTTTAACTCCCCTCCGCCGC
NG-34087_Meliloti_POOL_10_15_C1_lib715704_10291_3,48,3,C1,2,14,POOL15,AGTCCTAGTCCTGGTGCATTGAGCCC,24,Replicate_3,ACCACATTTTAACTCCCCTCCGCCGC
NG-34087_Meliloti_POOL_10_15_C1_lib715704_10291_3,49,1,C1,3,12,POOL13,AGACCTAGTCCTGGTGCATTGAGCCC,25,Replicate_1,AAATAATTTTAACTCCCCTCCGCCGC
NG-34087_Meliloti_POOL_10_15_C1_lib715704_10291_3,50,2,C1,3,12,POOL13,AGACCTAGTCCTGGTGCATTGAGCCC,26,Replicate_2,AATGTATTTTAACTCCCCTCCGCCGC
NG-34087_Meliloti_POOL_10_15_C1_lib715704_10291_3,51,3,C1,3,12,POOL13,AGACCTAGTCCTGGTGCATTGAGCCC,27,Replicate_3,AAACGATTTTAACTCCCCTCCGCCGC
NG-34087_Meliloti_POOL_10_15_C1_lib715704_10291_3,52,1,C1,3,13,POOL14,AGTTATAGTCCTGGTGCATTGAGCCC,25,Replicate_1,AAATAATTTTAACTCCCCTCCGCCGC
NG-34087_Meliloti_POOL_10_15_C1_lib715704_10291_3,53,2,C1,3,13,POOL14,AGTTATAGTCCTGGTGCATTGAGCCC,26,Replicate_2,AATGTATTTTAACTCCCCTCCGCCGC
NG-34087_Meliloti_POOL_10_15_C1_lib715704_10291_3,54,3,C1,3,13,POOL14,AGTTATAGTCCTGGTGCATTGAGCCC,27,Replicate_3,AAACGATTTTAACTCCCCTCCGCCGC
NG-34087_Meliloti_POOL_10_15_C1_lib715704_10291_3,55,1,C1,3,14,POOL15,AGTCCTAGTCCTGGTGCATTGAGCCC,25,Replicate_1,AAATAATTTTAACTCCCCTCCGCCGC
NG-34087_Meliloti_POOL_10_15_C1_lib715704_10291_3,56,2,C1,3,14,POOL15,AGTCCTAGTCCTGGTGCATTGAGCCC,26,Replicate_2,AATGTATTTTAACTCCCCTCCGCCGC
NG-34087_Meliloti_POOL_10_15_C1_lib715704_10291_3,57,3,C1,3,14,POOL15,AGTCCTAGTCCTGGTGCATTGAGCCC,27,Replicate_3,AAACGATTTTAACTCCCCTCCGCCGC
